{
  "main": {
    "id": "5324373015726ba8",
    "type": "split",
    "children": [
      {
        "id": "011e0d0a6fa39235",
        "type": "tabs",
        "children": [
          {
            "id": "0afaf2c07c8713d5",
            "type": "leaf",
            "pinned": true,
            "state": {
              "type": "markdown",
              "state": {
                "file": "SYSTEM/GETTING STARTED/Getting Started.md",
                "mode": "preview",
                "backlinks": false,
                "source": false
              },
              "pinned": true,
              "icon": "lucide-file",
              "title": "Getting Started"
            }
          },
          {
            "id": "ab9758a21242400b",
            "type": "leaf",
            "pinned": true,
            "state": {
              "type": "markdown",
              "state": {
                "file": "SYSTEM/GETTING STARTED/Vault Onboarding Part 1  - Very Important Setup.md",
                "mode": "preview",
                "backlinks": false,
                "source": false
              },
              "pinned": true,
              "icon": "lucide-file",
              "title": "Vault Onboarding Part 1  - Very Important Setup"
            }
          },
          {
            "id": "b3816729dc39b144",
            "type": "leaf",
            "pinned": true,
            "state": {
              "type": "markdown",
              "state": {
                "file": "SYSTEM/GETTING STARTED/Vault Onboarding Part 2 - Structure Concept.md",
                "mode": "preview",
                "backlinks": false,
                "source": false
              },
              "pinned": true,
              "icon": "lucide-file",
              "title": "Vault Onboarding Part 2 - Structure Concept"
            }
          },
          {
            "id": "900759c42f804c7b",
            "type": "leaf",
            "pinned": true,
            "state": {
              "type": "markdown",
              "state": {
                "file": "SYSTEM/GETTING STARTED/Vault Onboarding Part 3 - Main Features.md",
                "mode": "preview",
                "backlinks": false,
                "source": false
              },
              "pinned": true,
              "icon": "lucide-file",
              "title": "Vault Onboarding Part 3 - Main Features"
            }
          },
          {
            "id": "e37654fc5a622cd9",
            "type": "leaf",
            "pinned": true,
            "state": {
              "type": "markdown",
              "state": {
                "file": "SYSTEM/GETTING STARTED/Vault Onboarding Part 4 - Setting up on Mobile.md",
                "mode": "preview",
                "backlinks": false,
                "source": false
              },
              "pinned": true,
              "icon": "lucide-file",
              "title": "Vault Onboarding Part 4 - Setting up on Mobile"
            }
          },
          {
            "id": "81183f905f99c31e",
            "type": "leaf",
            "pinned": true,
            "state": {
              "type": "markdown",
              "state": {
                "file": "SYSTEM/GETTING STARTED/Concept Inspiration and Reference.md",
                "mode": "preview",
                "backlinks": false,
                "source": false
              },
              "pinned": true,
              "icon": "lucide-file",
              "title": "Concept Inspiration and Reference"
            }
          },
          {
            "id": "ddfb8a4311f4fa08",
            "type": "leaf",
            "pinned": true,
            "state": {
              "type": "excalidraw",
              "state": {
                "file": "SYSTEM/GETTING STARTED/Vault Walkthrough - Concept Map.md"
              },
              "pinned": true,
              "icon": "excalidraw-icon",
              "title": "Vault Walkthrough - Concept Map"
            }
          }
        ]
      }
    ],
    "direction": "vertical"
  },
  "left": {
    "id": "ceceeb2f82f72338",
    "type": "split",
    "children": [
      {
        "id": "d7b68441e64b0baf",
        "type": "tabs",
        "children": [
          {
            "id": "42f47640edf85bf7",
            "type": "leaf",
            "state": {
              "type": "file-explorer",
              "state": {
                "sortOrder": "alphabetical"
              },
              "icon": "lucide-folder-closed",
              "title": "Files"
            }
          },
          {
            "id": "093b3a738054e210",
            "type": "leaf",
            "state": {
              "type": "recent-files",
              "state": {},
              "icon": "clock",
              "title": "Recent Files"
            }
          },
          {
            "id": "bd062dda8ed54586",
            "type": "leaf",
            "state": {
              "type": "search",
              "state": {
                "query": "",
                "matchingCase": false,
                "explainSearch": false,
                "collapseAll": false,
                "extraContext": false,
                "sortOrder": "alphabetical"
              },
              "icon": "lucide-search",
              "title": "Search"
            }
          },
          {
            "id": "36eafd802efe8962",
            "type": "leaf",
            "state": {
              "type": "bookmarks",
              "state": {},
              "icon": "lucide-bookmark",
              "title": "Bookmarks"
            }
          },
          {
            "id": "e6ad23a05238fb45",
            "type": "leaf",
            "state": {
              "type": "trash-explorer",
              "state": {},
              "icon": "trash",
              "title": "Trash explorer"
            }
          }
        ]
      }
    ],
    "direction": "horizontal",
    "width": 361.5
  },
  "right": {
    "id": "b8973fe758baa90b",
    "type": "split",
    "children": [
      {
        "id": "3ada067b4619dcfd",
        "type": "tabs",
        "dimension": 51.00478468899522,
        "children": [
          {
            "id": "9928f8f1b8b3184d",
            "type": "leaf",
            "state": {
              "type": "localgraph",
              "state": {
                "file": "SYSTEM/GETTING STARTED/Getting Started.md",
                "options": {
                  "collapse-filter": true,
                  "search": "",
                  "localJumps": 1,
                  "localBacklinks": true,
                  "localForelinks": true,
                  "localInterlinks": false,
                  "showTags": false,
                  "showAttachments": false,
                  "hideUnresolved": false,
                  "collapse-color-groups": true,
                  "colorGroups": [],
                  "collapse-display": false,
                  "showArrow": false,
                  "textFadeMultiplier": -1.2,
                  "nodeSizeMultiplier": 1,
                  "lineSizeMultiplier": 1,
                  "collapse-forces": true,
                  "centerStrength": 0.518713248970312,
                  "repelStrength": 10,
                  "linkStrength": 1,
                  "linkDistance": 250,
                  "scale": 0.5087618855792608,
                  "close": true
                }
              },
              "icon": "lucide-git-fork",
              "title": "Graph of Getting Started"
            }
          },
          {
            "id": "6bf45c4c9963e3b0",
            "type": "leaf",
            "state": {
              "type": "journal-calendar",
              "state": {},
              "icon": "calendar-days",
              "title": "Calendar"
            }
          },
          {
            "id": "c0698ab85b3ddb7e",
            "type": "leaf",
            "state": {
              "type": "tag",
              "state": {
                "sortOrder": "frequency",
                "useHierarchy": true
              },
              "icon": "lucide-tags",
              "title": "Tags"
            }
          }
        ]
      },
      {
        "id": "203f2050711ef78f",
        "type": "tabs",
        "dimension": 48.995215311004785,
        "children": [
          {
            "id": "eaa80c525cb3bcce",
            "type": "leaf",
            "state": {
              "type": "outline",
              "state": {
                "file": "SYSTEM/GETTING STARTED/Getting Started.md"
              },
              "icon": "lucide-list",
              "title": "Outline of Getting Started"
            }
          },
          {
            "id": "d2ae3142c734102c",
            "type": "leaf",
            "state": {
              "type": "todo",
              "state": {},
              "icon": "checkmark",
              "title": "Todo List"
            }
          },
          {
            "id": "d3f0a540ef0b4703",
            "type": "leaf",
            "state": {
              "type": "timer-view",
              "state": {},
              "icon": "timer",
              "title": "Timer"
            }
          }
        ]
      }
    ],
    "direction": "horizontal",
    "width": 425.5
  },
  "left-ribbon": {
    "hiddenItems": {
      "daily-notes:Open today's daily note": true,
      "homepage:Open homepage": false,
      "obsidian-projects:Open projects": false,
      "journals:Open today's note": false,
      "switcher:Open quick switcher": false,
      "omnisearch:Omnisearch": false,
      "obsidian-excalidraw-plugin:Create new drawing": false,
      "canvas:Create new canvas": false,
      "obsidian42-brat:BRAT": true,
      "custom-sort:Toggle custom sorting": true,
      "obsidian-custom-frames:Open ChatGPT": false,
      "obsidian-custom-frames:Open YouTube": false,
      "obsidian-custom-frames:Open Todoist": false,
      "graph:Open graph view": false,
      "command-palette:Open command palette": false,
      "templater-obsidian:Templater": true,
      "pomodoro-timer:Toggle timer panel": true,
      "obsidian-trash-explorer:Open trash explorer": true
    }
  },
  "active": "42f47640edf85bf7",
  "lastOpenFiles": [
    "SYSTEM/GETTING STARTED/Vault Onboarding Part 1  - Very Important Setup.md",
    "SYSTEM/GETTING STARTED/Vault Onboarding Part 2 - Structure Concept.md",
    "SYSTEM/GETTING STARTED/Vault Onboarding Part 3 - Main Features.md",
    "SYSTEM/GETTING STARTED/Vault Onboarding Part 4 - Setting up on Mobile.md",
    "SYSTEM/GETTING STARTED/Concept Inspiration and Reference.md",
    "SYSTEM/GETTING STARTED/Vault Walkthrough - Concept Map.md",
    "PARA/PROJECTS/README DO NOT DELETE.md",
    "SYSTEM/GETTING STARTED/Getting Started.md",
    "HUB/Map of Content.md",
    "SYSTEM/MOBILE HUB/Mobile Map of Content.md",
    "HUB/Homepage.md",
    "SYSTEM/GETTING STARTED/Onboarding Media/image_10.png",
    "SYSTEM/GETTING STARTED/Onboarding Media/image_15.png",
    "SYSTEM/GETTING STARTED/Onboarding Media/image_16.png",
    "SYSTEM/GETTING STARTED/Onboarding Media/image_17.png",
    "SYSTEM/GETTING STARTED/Onboarding Media/image_18.png",
    "SYSTEM/GETTING STARTED/Onboarding Media/Vault Onboarding Part 3 - Main Features-13.png",
    "SYSTEM/GETTING STARTED/Onboarding Media/Vault Onboarding Part 3 - Main Features-12.png",
    "SYSTEM/GETTING STARTED/Onboarding Media/Vault Onboarding Part 3 - Main Features-11.png",
    "SYSTEM/GETTING STARTED/Onboarding Media/Vault Onboarding Part 3 - Main Features-10.png",
    "SYSTEM/GETTING STARTED/Onboarding Media/Vault Onboarding Part 3 - Main Features-9.png",
    "SYSTEM/MOBILE HUB/Mobile Homepage.md",
    "SYSTEM/MOBILE HUB/Mobile Mail Box.md",
    "HUB/Mail Box.md",
    "PARA/PROJECTS/Autonomous Vehicle AI Ethics/Bias Mitigation and Fairness Auditing.md",
    "PARA/PROJECTS/Autonomous Vehicle AI Ethics/AI Transparency and Explainability.md",
    "PARA/PROJECTS/Autonomous Vehicle AI Ethics/1. Autonomous Vehicle AI Ethics.md",
    "DAILY/DAILY/2024-11-12.md",
    "PARA/RESOURCES/CONTACTS/Elon Musk.md",
    "PARA/RESOURCES/MEETINGS/GENERAL/11-12 - Artificial Intelligence in Autonomous Vehicles.md",
    "DAILY/MONTHLY/2024-November.md",
    "DAILY/WEEKLY/2024-November-W46.md",
    "DAILY/DAILY/2024-11-14.md",
    "DAILY/DAILY/2024-11-13.md",
    "PARA/AREAS/Autonomous Vehicle AI Ethics/Bias Mitigation in AI Algorithms.md",
    "PARA/AREAS/Autonomous Vehicle AI Ethics/2. Autonomous Vehicle AI Ethics.md",
    "PARA/AREAS/test",
    "PARA/PROJECTS/Autonomous Vehicle AI Ethics",
    "PARA/PROJECTS/Sustainable Data Center Strategy Development",
    "PARA/PROJECTS/Space Tourism Feasibility Assessment",
    "PARA/AREAS/Autonomous Vehicle AI Ethics",
    "PARA/AREAS/Vehicle AI Ethics",
    "PARA/AREAS/Green Data Center Initiative",
    "PARA/AREAS/Space Tourism Initiatives",
    "PARA/WORKSTATION/UI",
    "SYSTEM/MOBILE HUB",
    "Untitled.canvas"
  ]
}