{
  "items": [
    {
      "type": "group",
      "ctime": 1728112388202,
      "items": [
        {
          "type": "group",
          "ctime": 1728112388202,
          "items": [
            {
              "type": "file",
              "ctime": 1728112388202,
              "path": "HUB/Homepage.md",
              "subpath": "#^-"
            },
            {
              "type": "file",
              "ctime": 1728112388202,
              "path": "HUB/Map of Content.md",
              "subpath": "#^-"
            },
            {
              "type": "file",
              "ctime": 1728113262085,
              "path": "HUB/Mail Box.md",
              "subpath": "#^-"
            }
          ],
          "title": "HUB"
        },
        {
          "type": "group",
          "ctime": 1728112388202,
          "items": [
            {
              "type": "group",
              "ctime": 1728112388202,
              "items": [],
              "title": "PROJECTS"
            },
            {
              "type": "group",
              "ctime": 1728112388202,
              "items": [],
              "title": "AREAS"
            },
            {
              "type": "group",
              "ctime": 1728112388203,
              "items": [
                {
                  "type": "group",
                  "ctime": 1728112388203,
                  "items": [],
                  "title": "CONTACTS"
                },
                {
                  "type": "group",
                  "ctime": 1728112388203,
                  "items": [],
                  "title": "DOCUMENTATIONS"
                },
                {
                  "type": "group",
                  "ctime": 1728112388203,
                  "items": [],
                  "title": "CONCEPT MAP"
                },
                {
                  "type": "group",
                  "ctime": 1728112388203,
                  "items": [],
                  "title": "MEETINGS"
                }
              ],
              "title": "RESOURCES"
            },
            {
              "type": "group",
              "ctime": 1728112388202,
              "items": [],
              "title": "ARCHIVES"
            },
            {
              "type": "group",
              "ctime": 1728112388203,
              "items": [],
              "title": "WORKSTATION"
            }
          ],
          "title": "PARA"
        },
        {
          "type": "group",
          "ctime": 1728112388202,
          "items": [
            {
              "type": "group",
              "ctime": 1728112388202,
              "items": [],
              "title": "PERMANENT"
            },
            {
              "type": "group",
              "ctime": 1728112388203,
              "items": [],
              "title": "LITERATURE"
            },
            {
              "type": "group",
              "ctime": 1728112388203,
              "items": [],
              "title": "FLEETING"
            }
          ],
          "title": "ZETA"
        },
        {
          "type": "group",
          "ctime": 1728112788003,
          "items": [
            {
              "type": "group",
              "ctime": 1728192218238,
              "items": [],
              "title": "DAILY"
            },
            {
              "type": "group",
              "ctime": 1728192218238,
              "items": [],
              "title": "WEEKLY"
            },
            {
              "type": "group",
              "ctime": 1728192218238,
              "items": [],
              "title": "MONTHLY"
            },
            {
              "type": "group",
              "ctime": 1728192218238,
              "items": [],
              "title": "QUARTERLY"
            },
            {
              "type": "group",
              "ctime": 1728192218238,
              "items": [],
              "title": "YEARLY"
            }
          ],
          "title": "DAILY"
        },
        {
          "type": "group",
          "ctime": 1728186809999,
          "items": [],
          "title": "STICKY"
        },
        {
          "type": "group",
          "ctime": 1728112388203,
          "items": [
            {
              "type": "group",
              "ctime": 1728112388203,
              "items": [],
              "title": "MEDIA"
            },
            {
              "type": "group",
              "ctime": 1728112388203,
              "items": [
                {
                  "type": "group",
                  "ctime": 1728112388203,
                  "items": [],
                  "title": "FORMAT"
                },
                {
                  "type": "group",
                  "ctime": 1728185760568,
                  "items": [],
                  "title": "CSS"
                },
                {
                  "type": "group",
                  "ctime": 1728112388203,
                  "items": [],
                  "title": "CODE"
                }
              ],
              "title": "TEMPLATE"
            },
            {
              "type": "group",
              "ctime": 1728112388203,
              "items": [],
              "title": "DESIGN"
            },
            {
              "type": "group",
              "ctime": 1728112388203,
              "items": [],
              "title": "GETTING STARTED"
            }
          ],
          "title": "SYSTEM"
        }
      ],
      "title": "SORT ORDER"
    }
  ]
}