{
  "main": {
    "id": "5324373015726ba8",
    "type": "split",
    "children": [
      {
        "id": "fe9b2c371330783d",
        "type": "tabs",
        "children": [
          {
            "id": "25211514db06e1c4",
            "type": "leaf",
            "pinned": true,
            "state": {
              "type": "markdown",
              "state": {
                "file": "SYSTEM/GETTING STARTED/Getting Started.md",
                "mode": "preview",
                "backlinks": false,
                "source": false
              },
              "pinned": true,
              "icon": "lucide-file",
              "title": "Getting Started"
            }
          },
          {
            "id": "24723c3531f80432",
            "type": "leaf",
            "pinned": true,
            "state": {
              "type": "markdown",
              "state": {
                "file": "SYSTEM/GETTING STARTED/Vault Onboarding Part 1.md",
                "mode": "preview",
                "backlinks": false,
                "source": false
              },
              "pinned": true,
              "icon": "lucide-file",
              "title": "Vault Onboarding Part 1"
            }
          },
          {
            "id": "4a84f4fcfce50c1d",
            "type": "leaf",
            "pinned": true,
            "state": {
              "type": "markdown",
              "state": {
                "file": "SYSTEM/GETTING STARTED/Vault Onboarding Part 2.md",
                "mode": "preview",
                "backlinks": false,
                "source": false
              },
              "pinned": true,
              "icon": "lucide-file",
              "title": "Vault Onboarding Part 2"
            }
          },
          {
            "id": "743aac3b1e90636d",
            "type": "leaf",
            "pinned": true,
            "state": {
              "type": "markdown",
              "state": {
                "file": "SYSTEM/GETTING STARTED/Vault Onboarding Part 3.md",
                "mode": "preview",
                "backlinks": false,
                "source": false
              },
              "pinned": true,
              "icon": "lucide-file",
              "title": "Vault Onboarding Part 3"
            }
          },
          {
            "id": "d919c4cce22e7b21",
            "type": "leaf",
            "pinned": true,
            "state": {
              "type": "excalidraw",
              "state": {
                "file": "SYSTEM/GETTING STARTED/Vault Walkthrough.md"
              },
              "pinned": true,
              "icon": "excalidraw-icon",
              "title": "Vault Walkthrough"
            }
          },
          {
            "id": "a53ede87ac974a9a",
            "type": "leaf",
            "pinned": true,
            "state": {
              "type": "markdown",
              "state": {
                "file": "SYSTEM/GETTING STARTED/Concept Inspiration and Reference.md",
                "mode": "preview",
                "backlinks": false,
                "source": false
              },
              "pinned": true,
              "icon": "lucide-file",
              "title": "Concept Inspiration and Reference"
            }
          }
        ]
      }
    ],
    "direction": "vertical"
  },
  "left": {
    "id": "ceceeb2f82f72338",
    "type": "split",
    "children": [
      {
        "id": "d7b68441e64b0baf",
        "type": "tabs",
        "children": [
          {
            "id": "42f47640edf85bf7",
            "type": "leaf",
            "state": {
              "type": "file-explorer",
              "state": {
                "sortOrder": "alphabetical"
              },
              "icon": "lucide-folder-closed",
              "title": "Files"
            }
          },
          {
            "id": "093b3a738054e210",
            "type": "leaf",
            "state": {
              "type": "recent-files",
              "state": {},
              "icon": "clock",
              "title": "Recent Files"
            }
          },
          {
            "id": "bd062dda8ed54586",
            "type": "leaf",
            "state": {
              "type": "search",
              "state": {
                "query": "",
                "matchingCase": false,
                "explainSearch": false,
                "collapseAll": false,
                "extraContext": false,
                "sortOrder": "alphabetical"
              },
              "icon": "lucide-search",
              "title": "Search"
            }
          },
          {
            "id": "36eafd802efe8962",
            "type": "leaf",
            "state": {
              "type": "bookmarks",
              "state": {},
              "icon": "lucide-bookmark",
              "title": "Bookmarks"
            }
          },
          {
            "id": "9bd4dc4e9b3b5f32",
            "type": "leaf",
            "state": {
              "type": "trash-explorer",
              "state": {},
              "icon": "trash",
              "title": "Trash explorer"
            }
          }
        ]
      }
    ],
    "direction": "horizontal",
    "width": 373.5
  },
  "right": {
    "id": "b8973fe758baa90b",
    "type": "split",
    "children": [
      {
        "id": "3ada067b4619dcfd",
        "type": "tabs",
        "dimension": 51.00478468899522,
        "children": [
          {
            "id": "9928f8f1b8b3184d",
            "type": "leaf",
            "state": {
              "type": "localgraph",
              "state": {
                "file": "SYSTEM/GETTING STARTED/Getting Started.md",
                "options": {
                  "collapse-filter": true,
                  "search": "",
                  "localJumps": 1,
                  "localBacklinks": true,
                  "localForelinks": true,
                  "localInterlinks": false,
                  "showTags": false,
                  "showAttachments": false,
                  "hideUnresolved": false,
                  "collapse-color-groups": true,
                  "colorGroups": [],
                  "collapse-display": false,
                  "showArrow": false,
                  "textFadeMultiplier": -1.2,
                  "nodeSizeMultiplier": 1,
                  "lineSizeMultiplier": 1,
                  "collapse-forces": true,
                  "centerStrength": 0.518713248970312,
                  "repelStrength": 10,
                  "linkStrength": 1,
                  "linkDistance": 250,
                  "scale": 0.5087618855792607,
                  "close": true
                }
              },
              "icon": "lucide-git-fork",
              "title": "Graph of Getting Started"
            }
          },
          {
            "id": "6bf45c4c9963e3b0",
            "type": "leaf",
            "state": {
              "type": "journal-calendar",
              "state": {},
              "icon": "calendar-days",
              "title": "Calendar"
            }
          },
          {
            "id": "c0698ab85b3ddb7e",
            "type": "leaf",
            "state": {
              "type": "tag",
              "state": {
                "sortOrder": "frequency",
                "useHierarchy": true
              },
              "icon": "lucide-tags",
              "title": "Tags"
            }
          }
        ]
      },
      {
        "id": "203f2050711ef78f",
        "type": "tabs",
        "dimension": 48.995215311004785,
        "children": [
          {
            "id": "eaa80c525cb3bcce",
            "type": "leaf",
            "state": {
              "type": "outline",
              "state": {
                "file": "SYSTEM/GETTING STARTED/Getting Started.md"
              },
              "icon": "lucide-list",
              "title": "Outline of Getting Started"
            }
          },
          {
            "id": "d2ae3142c734102c",
            "type": "leaf",
            "state": {
              "type": "todo",
              "state": {},
              "icon": "checkmark",
              "title": "Todo List"
            }
          },
          {
            "id": "d3f0a540ef0b4703",
            "type": "leaf",
            "state": {
              "type": "timer-view",
              "state": {},
              "icon": "timer",
              "title": "Timer"
            }
          }
        ]
      }
    ],
    "direction": "horizontal",
    "width": 449.5
  },
  "left-ribbon": {
    "hiddenItems": {
      "daily-notes:Open today's daily note": true,
      "homepage:Open homepage": false,
      "obsidian-projects:Open projects": false,
      "journals:Open today's note": false,
      "switcher:Open quick switcher": false,
      "omnisearch:Omnisearch": false,
      "obsidian-excalidraw-plugin:Create new drawing": false,
      "canvas:Create new canvas": false,
      "obsidian-custom-frames:Open ChatGPT": false,
      "obsidian42-brat:BRAT": true,
      "callout-manager:Insert Callout": true,
      "custom-sort:Toggle custom sorting": true,
      "obsidian-custom-frames:Open YouTube": false,
      "obsidian-custom-frames:Open Mail": false,
      "obsidian-custom-frames:Open Todoist": false,
      "graph:Open graph view": false,
      "command-palette:Open command palette": false,
      "templater-obsidian:Templater": true,
      "pomodoro-timer:Toggle timer panel": true,
      "obsidian-trash-explorer:Open trash explorer": true
    }
  },
  "active": "42f47640edf85bf7",
  "lastOpenFiles": [
    "HUB/Homepage.md",
    "SYSTEM/GETTING STARTED/Getting Started.md",
    "SYSTEM/GETTING STARTED/Concept Inspiration and Reference.md",
    "SYSTEM/GETTING STARTED/Vault Walkthrough.md",
    "SYSTEM/GETTING STARTED/Vault Onboarding Part 3.md",
    "SYSTEM/GETTING STARTED/Vault Onboarding Part 2.md",
    "SYSTEM/GETTING STARTED/Vault Onboarding Part 1.md",
    "DAILY/DAILY/2024-10-14.md",
    "DAILY/DAILY/2024-10-13.md",
    "DAILY/DAILY/2024-10-19.md",
    "DAILY/DAILY/2024-10-18.md",
    "PARA/PROJECTS/AA- 13 (Enhance Bank Statement Classification Flow)/AA- 13 (Enhance Bank Statement Classification Flow).md",
    "PARA/PROJECTS/AA- 13 (Enhance Bank Statement Classification Flow)/Code Refactor.md",
    "PARA/AREAS/Nginx Implementation/1. Nginx Implementation.md",
    "STICKY/test.md",
    "SYSTEM/GETTING STARTED/Onboarding Media/Getting Started Map of Content.png",
    "SYSTEM/GETTING STARTED/Onboarding Media/Getting Started Mail Box.png",
    "SYSTEM/GETTING STARTED/Onboarding Media/Vault Onboarding Part turn on.png",
    "SYSTEM/GETTING STARTED/Onboarding Media/Vault Onboarding Part create new vault.png",
    "SYSTEM/GETTING STARTED/Onboarding Media/Vault Onboarding Part Done.png",
    "SYSTEM/GETTING STARTED/Onboarding Media/Vault Onboarding Part paste.png",
    "HUB/Mail Box.md",
    "HUB/Map of Content.md",
    "SYSTEM/GETTING STARTED/Onboarding Media/Vault Onboarding Part 11111.png",
    "SYSTEM/GETTING STARTED/Onboarding Media/Vault Onboarding Part Final.png",
    "DAILY/MONTHLY/2024-October.md",
    "SYSTEM/TEMPLATE/FORMAT/template_monthly_note.md",
    "DAILY/WEEKLY/2024-October-W42.md",
    "SYSTEM/TEMPLATE/FORMAT/template_weekly_note.md",
    "SYSTEM/TEMPLATE/FORMAT/template_daily_note.md",
    "ZETA/PERMANENT/Hope as a Psychological Driver.md",
    "PARA/WORKSTATION/Learning Python Practices.md",
    "ZETA/LITERATURE/Curt Richter’s Drowning Rats Experiment (1957).md",
    "PARA/AREAS/Nginx Implementation/HSTS - HTTP Strict Transport Security (includeSubDomains).md",
    "SYSTEM/MEDIA/Vault Onboarding Part 1.png",
    "SYSTEM/GETTING STARTED/Onboarding Media/Vault Onboarding Part 1-2.png",
    "PARA/PROJECTS/AA- 13 (Enhance Bank Statement Classification Flow)",
    "PARA/AREAS/Reconciliation",
    "PARA/AREAS/Nginx Implementation",
    "PARA/AREAS/Bank Statement Classification",
    "SYSTEM/GETTING STARTED/Onboarding Media",
    "SYSTEM/GETTING STARTED/New folder",
    "PARA/AREAS/Trial Balance Classification",
    "PARA/AREAS/Invoice Classification",
    "path/to/your/script.js",
    "path/to/your",
    "Untitled.canvas"
  ]
}